No,Name,Date,Profile ID,Channel,Comment,label
1,tarjo,17/02/22 06:58:31,#340389978255392768,valo,valo bang @here,nsara
2,nang,18/02/22 15:15:02,#753906860691816458,valo,besok valo,nsara
3,Bang Gas,18/02/22 15:15:03,#749993071202271293,valo,@nang wey kemana aja lu jawa?,sara
4,nang,18/02/22 15:15:14,#753906860691816458,valo,berisik banget hitam @Bang Gas,sara
5,nang,18/02/22 15:15:27,#753906860691816458,valo,bantuin website anjing @ShinFein,nsara
6,Bang Gas,18/02/22 15:15:28,#749993071202271293,valo,@ShinFein cina bacot,sara
7,lalalumpat,18/02/22 15:20:24,#875679053456276876,valo,itu dah gue ganti nang WKWKKW,nsara
8,JemsBuds Crispy,18/02/22 15:20:45,#623124244087308288,valo,Bocot lu jawa sini berantem sama aceh @Bang Gas @nang,sara
9,ShinFein,18/02/22 15:45:31,#249043209689235456,valo,ya BACOT BET HITAM,sara
10,nang,19/02/22 11:40:16,#753906860691816458,valo,astaga sabar apa,nsara
11,Bang Gas,26/02/22 13:39:21,#749993071202271293,valo,@le Bule mana lu,sara
12,nang,26/02/22 13:39:26,#753906860691816458,valo,si cokin mana,sara
13,le,26/02/22 13:40:21,#479871078986940416,valo,@Bang Gas bacot jawa goblok,sara
14,JemsBuds Crispy,26/02/22 13:45:24,#623124244087308288,valo,bule babi,sara
15,tarjo,26/02/22 13:45:59,#340389978255392768,valo,nama doang bule suku jawa,sara
16,le,26/02/22 13:46:01,#479871078986940416,valo,bacot aceh blom aja gua baptis pake kuah indomi,sara
17,JemsBuds Crispy,26/02/22 13:50:15,#623124244087308288,valo,ini gamenya gampang,nsara
18,lalalumpat,26/02/22 13:53:01,#875679053456276876,valo,udah berapa score?,nsara
19,nang,26/02/22 13:53:13,#753906860691816458,valo,BACOT BANGET AMBON,sara
20,JemsBuds Crispy,26/02/22 13:55:56,#623124244087308288,valo,mampus lu bule,sara
21,le,26/02/22 13:57:15,#479871078986940416,valo,tolol ambon,sara
22,le,26/02/22 13:57:29,#479871078986940416,valo,bego banget ambon jadi orang,sara
23,JemsBuds Crispy,26/02/22 14:04:54,#623124244087308288,valo,@nang bodoh banget,nsara
24,ShinFein,26/02/22 14:08:46,#249043209689235456,valo,weh hitam @JemsBuds Crispy,sara
25,tarjo,26/02/22 14:55:07,#340389978255392768,valo,ambon gak lihat musuh,sara
26,Bang Gas,26/02/22 14:55:25,#749993071202271293,valo,ambon kan goblok kalo pake raze,sara
27,le,26/02/22 14:55:27,#479871078986940416,valo,goblok jawa lawan buta @Bang Gas,sara
28,JemsBuds Crispy,26/02/22 14:56:35,#623124244087308288,valo,bule udahan?,sara
29,Bang Gas,26/02/22 15:07:38,#749993071202271293,valo,@le woy bule,sara
30,Bang Gas,26/02/22 15:07:59,#749993071202271293,valo,@le lama banget bule,sara
31,le,26/02/22 15:16:09,#479871078986940416,valo,bacot bener tau gua lagi makan,nsara
32,nang,26/02/22 15:28:10,#753906860691816458,valo,cemen bgt cokin @ShinFein,sara
33,le,26/02/22 15:39:20,#479871078986940416,valo,weh cina blom aja lu gua sambit pake salib virtual @ShinFein,sara
34,JemsBuds Crispy,27/02/22 14:09:34,#623124244087308288,valo,@everyone valo anjing,nsara
35,ShinFein,27/02/22 14:12:29,#249043209689235456,valo,AYOK GAS HITAM,sara
36,nang,27/02/22 14:12:47,#753906860691816458,valo,kok ini data gua double ya,nsara
37,nang,27/02/22 14:12:51,#753906860691816458,valo,tolong dong wkwkw,nsara
38,ShinFein,27/02/22 14:13:53,#249043209689235456,valo,sebentar nyet sabar,nsara
39,nang,27/02/22 15:49:57,#753906860691816458,valo,@lalalumpat sok jago banget anjing penjajah,sara
40,le,27/02/22 15:50:58,#479871078986940416,valo,Tau lu belanda goblok,sara
41,lalalumpat,28/02/22 07:11:35,#875679053456276876,valo,diem lu bule @le,sara
42,lalalumpat,05/03/22 13:49:31,#875679053456276876,valo,"gaes, ini w hitung totalnya kurang 50 ribu lagi uang kemarinüôè üòÖ",nsara
43,lalalumpat,05/03/22 13:50:06,#875679053456276876,valo,nanti minta bantu tambah ya,nsara
44,lalalumpat,05/03/22 13:50:36,#875679053456276876,valo,bule banyak utang,sara
45,lalalumpat,06/03/22 16:57:02,#875679053456276876,valo,bantu bayarin ya,nsara
46,Bang Gas,12/03/22 6:42:54,#749993071202271293,valo,@tarjo woy kristen ayo valo,sara
47,Bang Gas,12/03/22 6:44:12,#749993071202271293,valo,@ShinFein woy cina valo sini sama anak anak,sara
48,ShinFein,12/03/22 6:44:36,#249043209689235456,valo,lagi sibuk kerja anjing tiko,nsara
49,le,12/03/22 6:45:20,#479871078986940416,valo,Woi belanda anjing @ikanrere,sara
50,le,12/03/22 6:45:31,#479871078986940416,valo,valo gak penjajah,nsara
51,JemsBuds Crispy,12/03/22 6:45:32,#623124244087308288,valo,sok sibuk cina,sara
52,ShinFein,12/03/22 6:45:45,#249043209689235456,valo,kerja,nsara
53,tarjo,12/03/22 6:46:07,#340389978255392768,valo,cina kerja,sara
54,tarjo,12/03/22 6:46:10,#340389978255392768,valo,dagang aja material,nsara
55,tarjo,12/03/22 6:46:20,#340389978255392768,valo,ama hape di glodok,nsara
56,le,12/03/22 6:46:23,#479871078986940416,valo,cina gak punya toko dia,sara
57,ShinFein,12/03/22 6:46:49,#249043209689235456,valo,punya gw toko,nsara
58,ShinFein,12/03/22 6:46:55,#249043209689235456,valo,toko online emang lu jawa buka lapak doang,sara
59,JemsBuds Crispy,12/03/22 6:48:36,#623124244087308288,valo,woi jawa gece @Bang Gas,sara
60,JemsBuds Crispy,12/03/22 8:50:11,#623124244087308288,valo,woi jawa masak telor bae pick anjing @Bang Gas,sara
61,le,12/03/22 8:51:16,#479871078986940416,valo,tolol,nsara
62,Bang Gas,12/03/22 9:30:34,#749993071202271293,valo,@tarjo woy kristen pick anjing,sara
63,le,12/03/22 9:30:58,#479871078986940416,valo,tolol emang blom aja gua bacain alkitab,sara
64,ShinFein,15/03/22 11:40:36,#249043209689235456,valo,"woi jawa sunda china"" VALORANT GA BLOG @everyone",sara
65,le,15/03/22 11:58:35,#479871078986940416,valo,buset kasar bener ni cina goblok @ShinFein,sara
66,le,17/03/22 13:01:34,#479871078986940416,valo,valo kali wahai kaum kaum kafir @everyone,sara
67,ikanrere,17/03/22 13:01:49,#966250656212074527,valo,ayok bule,sara
68,le,17/03/22 13:02:43,#479871078986940416,valo,mager @here,nsara
69,lalalumpat,17/03/22 13:03:23,#875679053456276876,valo,si jawa ama ambon mana noh @Bang Gas @JemsBuds Crispy,sara
70,JemsBuds Crispy,17/03/22 13:24:11,#623124244087308288,valo,skip,nsara
71,Bang Gas,20/03/22 10:11:11,#749993071202271293,valo,valo yuk,nsara
72,ShinFein,21/03/22 09:37:49,#249043209689235456,valo,hayu @Bang Gas,nsara
73,tarjo,24/03/22 06:58:31,#340389978255392768,valo,valo yuk @here,nsara
74,nang,25/03/22 15:15:02,#753906860691816458,valo,besok valo,nsara
75,Bang Gas,25/03/22 15:15:03,#749993071202271293,valo,@bang Gas mana nih si jawa katanya mau valo,sara
76,nang,25/03/22 15:15:14,#753906860691816458,valo,brisik banget hitam diem aja @Bang Gas,sara
77,nang,25/03/22 15:15:27,#753906860691816458,valo,jawa @bang Gas,sara
78,Bang Gas,25/03/22 15:15:28,#749993071202271293,valo,@ShinFein cina sok sibuk,sara
79,ikanrere,25/03/22 15:20:24,#966250656212074527,valo,itu udah gua kirim,nsara
80,JemsBuds Crispy,25/03/22 15:20:45,#623124244087308288,valo,Bacot lu jawa banyak gaya @Bang Gas @nang,sara
81,ShinFein,25/03/22 15:45:31,#249043209689235456,valo,apa jawa? w lagi nugas,sara
82,nang,26/03/22 13:39:20,#753906860691816458,valo,sabar,nsara
83,Bang Gas,26/03/22 13:39:21,#749993071202271293,valo,@le Bule nugas,sara
84,nang,26/03/22 13:39:26,#753906860691816458,valo,iya bule ngilang katanya mau nugas,sara
85,le,26/03/22 13:40:21,#479871078986940416,valo,@Bang Gas bentar jawa!! w lagi benerin motor,sara
86,JemsBuds Crispy,26/03/22 13:45:24,#623124244087308288,valo,tolol bule,sara
87,tarjo,26/03/22 13:45:59,#340389978255392768,valo,nama doang bule tukang montir,sara
88,le,26/03/22 13:46:01,#479871078986940416,valo,bacot aceh,sara
89,JemsBuds Crispy,26/03/22 13:50:15,#623124244087308288,valo,gua mau valo,nsara
90,ikanrere,26/03/22 13:53:01,#966250656212074527,valo,ikut dong valo,nsara
91,nang,26/03/22 13:53:13,#753906860691816458,valo,diem ambon gua lagi nugas,sara
92,JemsBuds Crispy,26/03/22 13:55:56,#623124244087308288,valo,bule mampus,sara
93,le,26/03/22 13:57:15,#479871078986940416,valo,ambon banyak bacot,sara
94,le,26/03/22 13:57:29,#479871078986940416,valo,bego ah,nsara
95,JemsBuds Crispy,26/03/22 14:04:54,#623124244087308288,valo,@nang bodoh,nsara
96,ShinFein,26/03/22 14:08:46,#249043209689235456,valo,ambon mana @JemsBuds Crispy,sara
97,tarjo,26/03/22 14:55:07,#340389978255392768,valo,ambon main,sara
98,Bang Gas,26/03/22 14:55:25,#749993071202271293,valo,ambon main bisa nugas gak bisa,sara
99,le,26/03/22 14:55:27,#479871078986940416,valo,kebanyakan main si ambon,sara
100,JemsBuds Crispy,26/03/22 14:56:35,#623124244087308288,valo,apa ini gua udah beres,nsara
101,LonelyKn,25/01/22 13:29:47,#273918320183648591,curcol,Pas lg tdur,nsara
102,geminiratio,25/01/22 13:30:19,#436271839876172639,curcol,biar gak bangga banggain muslim lagi,sara
103,LonelyKn,25/01/22 13:30:36,#273918320183648591,curcol,Kristen kan yg ditenggelemin,sara
104,geminiratio,25/01/22 13:31:27,#436271839876172639,curcol,takut aja tu kolam dikencingin jadi kaga suci lagi dah itu baptisan nya,sara
105,LonelyKn,25/01/22 13:32:16,#273918320183648591,curcol,Tp dlu kan lu ad mantan yg katolik kan,sara
106,LonelyKn,25/01/22 13:32:27,#273918320183648591,curcol,Gmna perbedaan pacar katolik ama islam,sara
107,geminiratio,25/01/22 13:32:43,#436271839876172639,curcol,"nah iya bener, kan pas tuh abis baptis, masuk kristen, langsung ketemu Tuhan",sara
108,LonelyKn,25/01/22 13:32:48,#273918320183648591,curcol,Tp mantan doi semua agama,sara
109,LonelyKn,25/01/22 13:32:53,#273918320183648591,curcol,Berbeda beda agama kan,sara
110,LonelyKn,25/01/22 13:32:57,#273918320183648591,curcol,Ada juga kristen,sara
111,LonelyKn,25/01/22 13:33:02,#273918320183648591,curcol,Ada juga buddha,sara
112,LonelyKn,25/01/22 13:33:06,#273918320183648591,curcol,ateis aja pernah wkwkwk,sara
113,Vivi,25/01/22 13:33:37,#546271893716384097,curcol,iya ateis,sara
114,Vivi,25/01/22 13:33:57,#546271893716384097,curcol,"sengaja dikumpulin dari yang katolik, kristen, islam sampai ateis",sara
115,Vivi,25/01/22 13:34:02,#546271893716384097,curcol,Eh buddha juga ada kan lu,sara
116,Vivi,25/01/22 13:34:07,#546271893716384097,curcol,Tinggal hindu ya yang belom,sara
117,LonelyKn,25/01/22 13:34:20,#273918320183648591,curcol,Hindu cari di bali atuh,sara
118,LonelyKn,25/01/22 13:34:25,#273918320183648591,curcol,Banyak di stock bali mah,sara
119,ikanrere,02/02/22 13:34:33,#966250656212074527,curcol,gak gitu juga!!! tar ga bisa makan sapi,nsara
120,LonelyKn,02/02/22 13:34:50,#273918320183648591,curcol,"Eh temen gw hindu, makan sapi kok",sara
121,LonelyKn,02/02/22 13:35:02,#273918320183648591,curcol,Tuh bocah makan semua,nsara
122,LonelyKn,02/02/22 13:35:25,#273918320183648591,curcol,Temen gw ada buddha vegetarian,sara
123,Vivi,02/02/22 13:35:32,#546271893716384097,curcol,tiap hari makan sayur berati,nsara
124,LonelyKn,02/02/22 13:35:38,#273918320183648591,curcol,Gila itu susah cari makan,nsara
125,LonelyKn,02/02/22 13:35:46,#273918320183648591,curcol,Mana gw suka daging kan,nsara
126,ikanrere,02/02/22 13:35:53,#966250656212074527,curcol,kasian banget,nsara
127,ikanrere,02/02/22 13:35:57,#966250656212074527,curcol,gak akan bisa lu kalo jadi kek begitu,nsara
128,LonelyKn,02/02/22 13:35:58,#273918320183648591,curcol,Kristen mana ada larang2an kan makan2an setau gw,sara
129,LonelyKn,02/02/22 13:36:09,#273918320183648591,curcol,Iya ni gw lg ngmngin temen gw buddha,sara
130,LonelyKn,02/02/22 13:36:17,#273918320183648591,curcol,vegetarian,nsara
131,Vivi,02/02/22 13:36:43,#546271893716384097,curcol,"Kristen mah, ular biawak kelinci anjing aja dimakan",sara
132,Vivi,02/02/22 13:36:55,#546271893716384097,curcol,untung gua hanya makan sapi dan ayam,nsara
133,LonelyKn,02/02/22 13:36:57,#273918320183648591,curcol,org medan lebih2,sara
134,geminiratio,02/02/22 13:37:04,#436271839876172639,curcol,iya mantan gua buddha n vegetarian,sara
135,LonelyKn,02/02/22 13:37:07,#273918320183648591,curcol,Manusia pun kalau halal dimakan itu,nsara
136,Vivi,02/02/22 13:37:22,#546271893716384097,curcol,Gilaaa ya orang medan,sara
137,LonelyKn,02/02/22 13:37:32,#273918320183648591,curcol,Tp keknya org2 medan mau agama apa jga makan smua ga seh,sara
138,LonelyKn,02/02/22 13:37:38,#273918320183648591,curcol,Sadis2 wkwkwk,nsara
139,Vivi,02/02/22 13:37:54,#546271893716384097,curcol,Mana klo orang medan udh ngomong bahasanya kayak marah marah,sara
140,LonelyKn,02/02/22 13:38:06,#273918320183648591,curcol,Iyaa mending kek gw jawa,sara
141,LonelyKn,02/02/22 13:38:08,#273918320183648591,curcol,Jawa kalem,sara
142,LonelyKn,02/02/22 13:38:14,#273918320183648591,curcol,Diinjek kaki ge ngmng ora opo2,nsara
143,ikanrere,02/02/22 13:38:21,#966250656212074527,curcol,tapi pemales wwkw,nsara
144,LonelyKn,02/02/22 13:38:21,#273918320183648591,curcol,Medan ama batak sama ga seh,sara
145,LonelyKn,02/02/22 13:39:20,#273918320183648591,curcol,"Gatau sh ya , bnyak batak seh",nsara
146,geminiratio,02/02/22 13:40:25,#436271839876172639,curcol,tapi biasanya batak tu kristen ato katolik sih,sara
147,LonelyKn,02/02/22 13:40:37,#273918320183648591,curcol,Kristen sh,sara
148,LonelyKn,02/02/22 13:40:42,#273918320183648591,curcol,Jarang katolik batak mah,sara
149,LonelyKn,02/02/22 13:40:53,#273918320183648591,curcol,Tp ada kok batak muslim,sara
150,geminiratio,02/02/22 13:40:58,#436271839876172639,curcol,oh iya batak biasanya kristen ya,sara
151,geminiratio,02/02/22 13:41:17,#436271839876172639,curcol,memang ada batak muslim?,sara
152,LonelyKn,02/02/22 13:41:35,#273918320183648591,curcol,Ada dong,nsara
153,LonelyKn,02/02/22 13:41:42,#273918320183648591,curcol,Tp lbh brutal batak kristen keliatannya,sara
154,Vivi,02/02/22 13:41:42,#546271893716384097,curcol,Biasa yang jadi supir angkot tu batak muslim,sara
155,LonelyKn,02/02/22 13:41:50,#273918320183648591,curcol,Itu medan,sara
156,LonelyKn,02/02/22 13:41:55,#273918320183648591,curcol,Anak2 medan,sara
157,LonelyKn,02/02/22 13:42:31,#273918320183648591,curcol,medan kan yang kek batak,sara
158,LonelyKn,02/02/22 13:42:42,#273918320183648591,curcol,Tp bnyak jawa jga kok jdi supir angkot,sara
159,Vivi,02/02/22 13:43:17,#546271893716384097,curcol,Iya pokoknya yang biasa jadi supir angkot antara itu,nsara
160,LonelyKn,02/02/22 13:43:31,#273918320183648591,curcol,"Eh tp kalau supir2 di medan, itu ada jawa nya ga ya wkwkwk",sara
161,LonelyKn,02/02/22 13:44:37,#273918320183648591,curcol,Iyaa kek gw,nsara
162,LonelyKn,02/02/22 13:44:46,#273918320183648591,curcol,Eh tp cina ama batak tuh sama tau,sara
163,LonelyKn,02/02/22 13:44:50,#273918320183648591,curcol,Sama2 frontal wkwkwk,nsara
164,ikanrere,02/02/22 13:44:56,#966250656212074527,curcol,"rata2 kan ngedominasi supir angkot ya jawa, batak",sara
165,ikanrere,02/02/22 13:44:59,#966250656212074527,curcol,jawa,sara
166,ikanrere,02/02/22 13:45:01,#966250656212074527,curcol,batak,sara
167,ikanrere,02/02/22 13:45:04,#966250656212074527,curcol,medan,sara
168,LonelyKn,02/02/22 13:45:20,#273918320183648591,curcol,Kok lu tau amat wkwkwk mantan supir angkot ya lu,nsara
169,LonelyKn,02/02/22 13:45:26,#273918320183648591,curcol,Jarang loh orang tau tentang supir angkot,nsara
170,LonelyKn,02/02/22 13:45:41,#273918320183648591,curcol,Gw walau jawa ga prnah jd supir angkot sia,sara
171,LonelyKn,02/02/22 13:45:52,#273918320183648591,curcol,Dih geli bat wkwkwk,nsara
172,LonelyKn,02/02/22 13:46:13,#273918320183648591,curcol,Iyaaa biasa toko2 cina bnyak diskonnya drpda toko jawa,sara
173,LonelyKn,02/02/22 13:48:41,#273918320183648591,curcol,Cina,sara
174,LonelyKn,02/02/22 13:48:44,#273918320183648591,curcol,Lama bat bales,nsara
175,LonelyKn,02/02/22 13:48:52,#273918320183648591,curcol,Lg ad pelanggan ya ?,nsara
176,geminiratio,02/02/22 13:48:56,#436271839876172639,curcol,cina otaknya duit dan bisnis banget sih,sara
177,LonelyKn,02/02/22 13:49:02,#273918320183648591,curcol,Eh si @ikanrere bkan cina ya wkwkwk,sara
178,geminiratio,02/02/22 13:49:07,#436271839876172639,curcol,mana ada,nsara
179,LonelyKn,02/02/22 13:49:09,#273918320183648591,curcol,Lu teh apa tah,nsara
180,ikanrere,02/02/22 13:49:18,#966250656212074527,curcol,apa hayo,nsara
181,LonelyKn,02/02/22 13:49:29,#273918320183648591,curcol,Oh iya deng belanda ya,sara
182,Vivi,02/02/22 13:49:31,#546271893716384097,curcol,Dia belanda sunda,sara
183,LonelyKn,02/02/22 13:49:32,#273918320183648591,curcol,Bestie lu tuh,nsara
184,LonelyKn,02/02/22 13:49:35,#273918320183648591,curcol,oh pantesan baru inget,nsara
185,Vivi,02/02/22 13:49:44,#546271893716384097,curcol,Siapa?,nsara
186,LonelyKn,02/02/22 13:49:50,#273918320183648591,curcol,Iya baru inget gw si rere belanda sunda,sara
187,LonelyKn,02/02/22 13:49:58,#273918320183648591,curcol,Ada bestie lu,nsara
188,LonelyKn,02/02/22 13:50:04,#273918320183648591,curcol,Tp temen lu kebanyakan seh,nsara
189,LonelyKn,02/02/22 13:50:11,#273918320183648591,curcol,Umn apalagi banyak banget wkwkwk,nsara
190,Vivi,02/02/22 13:50:23,#546271893716384097,curcol,lu juga kan kuliah bareng sama rere kan,nsara
191,LonelyKn,02/02/22 13:50:31,#273918320183648591,curcol,Betul wkwkwk,nsara
192,LonelyKn,02/02/22 13:50:35,#273918320183648591,curcol,banyak cokin wkwkwk,sara
193,ikanrere,02/02/22 13:50:47,#966250656212074527,curcol,eh tapi cowo cina kebanyakan ganteng,sara
194,LonelyKn,02/02/22 13:50:51,#273918320183648591,curcol,"Tp dapetnya jawa wae  , hm.....",sara
195,ikanrere,02/02/22 13:50:57,#966250656212074527,curcol,jarang cina yang jelek,sara
196,LonelyKn,02/02/22 13:51:03,#273918320183648591,curcol,Lebih putih bersih ga seh,nsara
197,Vivi,02/02/22 13:51:06,#546271893716384097,curcol,Apalagi kalo cina kaya ya hahaha,sara
198,LonelyKn,02/02/22 13:51:12,#273918320183648591,curcol,Sama kek cewek cina,sara
199,LonelyKn,02/02/22 13:51:23,#273918320183648591,curcol,Yah ni bocah sunda liat harta,sara
200,Vivi,02/02/22 13:51:23,#546271893716384097,curcol,Iya kalo cina banyakan putih,sara
201,firstalpha,18/05/22 14:00:39,#875679053456276876,xii-mipa,nugasnya kapan?,nsara
202,dxmnx,18/05/22 14:01:12,#680428482848751704,xii-mipa,Tar ae nunggu si calpin balik dari padang,sara
203,firstalpha,18/05/22 14:01:19,#875679053456276876,xii-mipa,dia ke padang?,sara
204,dxmnx,18/05/22 14:01:29,#680428482848751704,xii-mipa,Iye ke padang,sara
205,firstalpha,18/05/22 14:01:47,#875679053456276876,xii-mipa,yuk on valo,nsara
206,dxmnx,18/05/22 14:02:01,#680428482848751704,xii-mipa,Sumpah ni musuhnya orang india,sara
207,firstalpha,18/05/22 14:02:16,#875679053456276876,xii-mipa,iya daritadi ngomong bahasa india,sara
208,Yametkudasi,18/05/22 14:02:41,#344160166259720192,xii-mipa,Anjir orang india,sara
209,Yametkudasi,18/05/22 14:03:05,#344160166259720192,xii-mipa,Masih mending main ama orang india daripada orang thailand,sara
210,Yametkudasi,18/05/22 14:03:45,#344160166259720192,xii-mipa,"daripada orang singapore anjir english aneh, terutama cina nya ya",sara
211,dxmnx,18/05/22 14:04:34,#680428482848751704,xii-mipa,brisik banget hitam diem aja @Bang Gas,sara
212,dxmnx,18/05/22 14:05:28,#680428482848751704,xii-mipa,Kenapa tu orang thailand? Gay?,sara
213,dxmnx,18/05/22 14:17:16,#680428482848751704,xii-mipa,@firstalpha asli ini orang india ngomong apa coba gak paham,sara
214,firstalpha,18/05/22 14:19:11,#875679053456276876,xii-mipa,@udah biarin aja dia ngomong india,sara
215,firstalpha,18/05/22 14:19:49,#875679053456276876,xii-mipa,ini si hitam kemana lagi,sara
216,dxmnx,18/05/22 14:20:24,#680428482848751704,xii-mipa,Apa? @firstalpha pake manggil hitam hitam,sara
217,firstalpha,18/05/22 14:20:58,#875679053456276876,xii-mipa,lu jaga A apa B?,nsara
218,dxmnx,18/05/22 14:21:10,#680428482848751704,xii-mipa,Gua di A,nsara
219,firstalpha,18/05/22 14:21:29,#875679053456276876,xii-mipa,wkwkw selamat jaga bareng si india,sara
220,firstalpha,18/05/22 14:21:48,#875679053456276876,xii-mipa,ngomong bahasa india mungkin paham,sara
221,dxmnx,18/05/22 14:23:17,#680428482848751704,xii-mipa,Anjir dia minta vandal pake bahasa india,sara
222,dxmnx,18/05/22 16:18:58,#680428482848751704,xii-mipa,Jadi nugas gak? Si calpin dah balik dari padang blom?,sara
223,Yametkudasi,18/05/22 16:20:17,#344160166259720192,xii-mipa,Nugas2 dasar bule,sara
224,Yametkudasi,18/05/22 16:20:20,#344160166259720192,xii-mipa,Otaknya nugas aja,nsara
225,dxmnx,18/05/22 16:24:30,#680428482848751704,xii-mipa,Heh udh mo deadline ya bentar lagi,nsara
226,dxmnx,18/05/22 16:24:35,#680428482848751704,xii-mipa,Cepet balik dari padang,sara
227,dxmnx,18/05/22 16:24:42,#680428482848751704,xii-mipa,Bawa sate padang sekalian wkwk,sara
228,firstalpha,18/05/22 16:24:56,#875679053456276876,xii-mipa,wih enak tuh sate padang,sara
229,firstalpha,18/05/22 16:30:48,#875679053456276876,xii-mipa,"dah ah lama kalian semua, nugas ntar aja dah",nsara
230,firstalpha,18/05/22 16:35:05,#875679053456276876,xii-mipa,https://www.liputan6.com/showbiz/read/4959359/deddy-corbuzier-take-down-konten-podcast-nya-ragil-mahardika-ragil-dan-jutaan-ragil-yang-lain-akan-selalu-ada-disamping-kalian,nsara
231,firstalpha,18/05/22 16:35:30,#875679053456276876,xii-mipa,lu tau berita ini ga? @Yametkudasi ragil siapa?,nsara
232,Yametkudasi,18/05/22 16:39:36,#344160166259720192,xii-mipa,Ragil yang gay itu sama suaminya,sara
233,firstalpha,18/05/22 16:40:19,#875679053456276876,xii-mipa,anjir gay? orang mana?,sara
234,Yametkudasi,18/05/22 16:42:10,#344160166259720192,xii-mipa,Orang indonesia,sara
235,Yametkudasi,18/05/22 16:42:13,#344160166259720192,xii-mipa,Suaminya jerman,sara
236,firstalpha,18/05/22 16:42:42,#875679053456276876,xii-mipa,anjir orang indonesia ada yang gay juga ternyata,sara
237,firstalpha,18/05/22 16:42:54,#875679053456276876,xii-mipa,trus tinggalnya di indonesia atau di jerman,sara
238,Yametkudasi,18/05/22 16:43:14,#344160166259720192,xii-mipa,"Banyak kali orang lgbt di indonesia mah, cuman ga ke ekspos aja",sara
239,Yametkudasi,18/05/22 16:43:28,#344160166259720192,xii-mipa,"Di jerman dia, kalau disini udh habis di hakimin kali",sara
240,firstalpha,18/05/22 16:44:08,#875679053456276876,xii-mipa,trus itu ada di podast deddy? pasti di indonesia,sara
241,Yametkudasi,18/05/22 16:44:22,#344160166259720192,xii-mipa,Ya dia lagi jalan2 kali di indonesia,sara
242,Yametkudasi,18/05/22 16:44:30,#344160166259720192,xii-mipa,Menyebarkan lgbt itu wajar WKWKW,sara
243,dxmnx,18/05/22 16:47:07,#680428482848751704,xii-mipa,Anjir menyebarkan gak tuh,nsara
244,dxmnx,18/05/22 16:47:33,#680428482848751704,xii-mipa,Sumpah bikin malu negara indonesia,sara
245,dxmnx,18/05/22 16:47:52,#680428482848751704,xii-mipa,"Btw, itu emang bisa nikah lgbt gitu?",sara
246,Yametkudasi,18/05/22 16:48:28,#344160166259720192,xii-mipa,"Diluar negeri bisa kali, kayak di jerman kan legal",sara
247,Yametkudasi,18/05/22 16:48:35,#344160166259720192,xii-mipa,Pantes aja banyak penyakit,nsara
248,Yametkudasi,18/05/22 16:48:52,#344160166259720192,xii-mipa,Ya bagi dia kan lgbt identitas dia gasih,sara
249,firstalpha,18/05/22 16:49:51,#875679053456276876,xii-mipa,ga sehat ya bener mending di indonesia masih minim sama lgbt,sara
250,firstalpha,18/05/22 16:50:00,#875679053456276876,xii-mipa,itu di takedown ya videonya?,nsara
251,firstalpha,18/05/22 16:50:07,#875679053456276876,xii-mipa,gegara apa?,nsara
252,dxmnx,18/05/22 16:50:30,#680428482848751704,xii-mipa,Kayaknya gegara banyak kontroversi,nsara
253,dxmnx,18/05/22 16:50:53,#680428482848751704,xii-mipa,warga indonesia gak nerima lgbt. Ngelawan hukum islam,sara
254,Yametkudasi,18/05/22 16:51:08,#344160166259720192,xii-mipa,Ye hukum kristen juga ga boleh anjir,sara
255,Yametkudasi,18/05/22 16:51:20,#344160166259720192,xii-mipa,Di buddha juga ga ada tuh ajaran lgbt,sara
256,dxmnx,18/05/22 16:52:22,#680428482848751704,xii-mipa,tapi lgbt di luar negri buktinya legal tuh,sara
257,dxmnx,18/05/22 16:52:46,#680428482848751704,xii-mipa,Jerman kan bukan negara islam tapi melegalkan,sara
258,Yametkudasi,18/05/22 16:55:22,#344160166259720192,xii-mipa,"Ya mana ngerti itu negara mereka, lagian barat kan emang bebas ga kaya timur",nsara
259,Yametkudasi,18/05/22 16:55:50,#344160166259720192,xii-mipa,"Apalagi bule, hadeh itu mah semua yg dilarang dikerjain kali",sara
260,firstalpha,18/05/22 16:56:25,#875679053456276876,xii-mipa,gua bule tapi ga kayak gitu yaa.. ga semua bule gitu sih,sara
261,firstalpha,18/05/22 16:57:30,#875679053456276876,xii-mipa,emang bule yang gak normal aja itu mah,sara
262,dxmnx,18/05/22 16:58:23,#680428482848751704,xii-mipa,Ya bener. Kalo di indonesia kan gaboleh,sara
263,dxmnx,18/05/22 16:58:57,#680428482848751704,xii-mipa,Gua yakin lgbt juga banyak juga di indonesia,sara
264,Yametkudasi,18/05/22 17:05:14,#344160166259720192,xii-mipa,Kaya lu kan lgbt kan lu,sara
265,dxmnx,18/05/22 17:06:37,#680428482848751704,xii-mipa,Gila ya lu. Masih normal gua,nsara
266,Yametkudasi,18/05/22 17:06:54,#344160166259720192,xii-mipa,Btw lgbt di indo mah cari aja di gym,sara
267,Yametkudasi,18/05/22 17:07:03,#344160166259720192,xii-mipa,Banyak tuh cowo kekar tau2nya gay,sara
268,firstalpha,18/05/22 17:07:49,#875679053456276876,xii-mipa,eh demi apaa? mantan gua badannya kekar2.. jangan2 gay .-.,sara
269,dxmnx,18/05/22 17:08:15,#680428482848751704,xii-mipa,Nah. si restu sama si glory gayy??!!! Wkwkw,sara
270,firstalpha,18/05/22 17:08:35,#875679053456276876,xii-mipa,apa iya dulu putus karena dia gay? wkwkw,sara
271,dxmnx,18/05/22 17:08:51,#680428482848751704,xii-mipa,Nah bisa jadi!! Udah sih fix harus lu curigain,nsara
272,dxmnx,18/05/22 17:09:18,#680428482848751704,xii-mipa,Mereka sekarang punya cewe ga?,nsara
273,firstalpha,18/05/22 17:09:32,#875679053456276876,xii-mipa,kaga.. udah lama jomblo,nsara
274,firstalpha,18/05/22 17:10:06,#875679053456276876,xii-mipa,semua jomblo anjir. masa gay,sara
275,dxmnx,18/05/22 17:11:34,#680428482848751704,xii-mipa,Kalo si restu mah ga mungkin gay n hitam pula hahaha,sara
276,firstalpha,18/05/22 17:12:04,#875679053456276876,xii-mipa,ya kan pribumi wajar hitam,sara
277,firstalpha,18/05/22 17:12:20,#875679053456276876,xii-mipa,lagian kalo pribumi mah begitu ga hitam,sara
278,firstalpha,18/05/22 17:12:30,#875679053456276876,xii-mipa,pribumi banyak yang lebih hitam,sara
279,dxmnx,18/05/22 17:14:35,#680428482848751704,xii-mipa,Ya iya sih. Si tejun tu pribumi hitam asli wkwk,sara
280,firstalpha,18/05/22 17:14:59,#875679053456276876,xii-mipa,nah iya kalo tejun emang hitam beneran,sara
281,dxmnx,18/05/22 17:15:59,#680428482848751704,xii-mipa,"Btw, kalo si glory?? Glory cakep anjir",nsara
282,dxmnx,18/05/22 17:16:18,#680428482848751704,xii-mipa,"Glory tu ya cina tajir, body juga bagus",sara
283,firstalpha,18/05/22 17:16:31,#875679053456276876,xii-mipa,nah kalo glory itu gue ga paham sih,nsara
284,firstalpha,18/05/22 17:17:39,#875679053456276876,xii-mipa,dia hitungannya cina cakep kan!! jarang muka kayak dia,sara
285,dxmnx,18/05/22 17:18:54,#680428482848751704,xii-mipa,"Glory mah udah putih, cina, kaya.. beuh semua juga ngantri mau sama dia",sara
286,firstalpha,18/05/22 17:20:51,#875679053456276876,xii-mipa,glory beneran gay kali yaü§£ buktinya ampe lama ngejomblo padahal cakep,sara
287,firstalpha,18/05/22 17:20:54,#875679053456276876,xii-mipa,cokin,sara
288,dxmnx,18/05/22 17:21:16,#680428482848751704,xii-mipa,Ya kali beneran gay üòÇ üòÇ,sara
289,firstalpha,18/05/22 17:24:39,#875679053456276876,xii-mipa,dah capek w bahas lgbt ini,sara
290,firstalpha,18/05/22 17:24:41,#875679053456276876,xii-mipa,gay,sara
291,firstalpha,18/05/22 17:24:43,#875679053456276876,xii-mipa,lesbi,sara
292,firstalpha,18/05/22 17:24:58,#875679053456276876,xii-mipa,duh jan sampe lo jadi lesbi yaa amit amit @dxmnx,sara
293,firstalpha,18/05/22 17:25:33,#875679053456276876,xii-mipa,jan pendek lu kalo potong rambut tar dikira lesbi asli @dxmnx,sara
294,dxmnx,18/05/22 17:26:10,#680428482848751704,xii-mipa,Iya kemarin potong rambutnya jadi kayak lesbi ya,sara
295,dxmnx,18/05/22 17:26:47,#680428482848751704,xii-mipa,Sumpah temen kampus juga bilang Lesbi dikira,sara
296,firstalpha,18/05/22 17:27:04,#875679053456276876,xii-mipa,ya iya potongan rambut lesbi kan pendek,sara
297,firstalpha,18/05/22 17:28:00,#875679053456276876,xii-mipa,liat pemain film barat yang lesbi kan pendek,sara
298,dxmnx,18/05/22 17:29:49,#680428482848751704,xii-mipa,Tapi gua gak lesbi!!,sara
299,firstalpha,18/05/22 17:31:29,#875679053456276876,xii-mipa,iya tar gue telefon lu siang ya,nsara
300,dxmnx,18/05/22 17:31:39,#680428482848751704,xii-mipa,Okee,nsara
301,rxgvnd,05/05/22 14:27:48,#431689367728291841,nugas,@kirzo cina doang gapunya toko,sara
302,ImChiKko,05/05/22 14:28:42,#306026653656547329,nugas,Jangan mentang mentang mayoritas @rxgvnd,sara
303,Rivero,05/05/22 14:28:47,#468396370982862848,nugas,Gelo 2 dayak brantem,sara
304,kirzo,05/05/22 14:29:29,#969864892671920371,nugas,mampus @Rivero cina,sara
305,ImChiKko,05/05/22 14:29:43,#306026653656547329,nugas,ges makann nasi campur yuk jangan ajak si muslim tapi,sara
306,ImChiKko,05/05/22 14:29:59,#306026653656547329,nugas,Kalo ga ada cinaa gak maju nih indo,sara
307,ImChiKko,05/05/22 14:30:07,#306026653656547329,nugas,kalian pribumi pribumi harusnya tunduk ama china,sara
308,kirzo,05/05/22 14:30:12,#969864892671920371,nugas,wkwkwk tenang tar w baptis dulu si @rxgvnd biar ikut makan nasi campur,sara
309,ImChiKko,05/05/22 14:30:40,#306026653656547329,nugas,Sini sini gabung minoritas @rxgvnd,sara
310,ImChiKko,05/05/22 14:31:23,#306026653656547329,nugas,Iyaa muslim tuh mengharamkan babi gara gara tau babi enak fix @rxgvnd,sara
311,ImChiKko,05/05/22 14:31:26,#306026653656547329,nugas,cobain dulu,nsara
312,ImChiKko,05/05/22 14:32:29,#306026653656547329,nugas,Mo ngetik lama bet nih cina cina @kirzo,sara
313,kirzo,05/05/22 14:32:38,#969864892671920371,nugas,eh si @Rivero kan lagi di philipin,sara
314,kirzo,05/05/22 14:32:48,#969864892671920371,nugas,di philipin ada nasi campur ga?,sara
315,Rivero,05/05/22 14:32:58,#468396370982862848,nugas,Tadi baru makan babi panggang,nsara
316,Rivero,05/05/22 14:33:25,#468396370982862848,nugas,Kaum jawa hanya bisa menyimak,sara
317,ImChiKko,05/05/22 14:33:26,#306026653656547329,nugas,Ga kek lu,nsara
318,ImChiKko,05/05/22 14:34:41,#306026653656547329,nugas,Titip salam buat ragil si gay,sara
319,Rivero,05/05/22 14:34:53,#468396370982862848,nugas,Ragil siapa?,nsara
320,ImChiKko,05/05/22 14:35:09,#306026653656547329,nugas,Orang batak kan kampung kampung gitu,sara
321,ImChiKko,05/05/22 14:35:16,#306026653656547329,nugas,tapi hoki sih dia bisa ke german nikah ama bule,sara
322,Rivero,05/05/22 14:35:19,#468396370982862848,nugas,Dayak ge sama kampung juga,sara
323,ImChiKko,05/05/22 14:35:21,#306026653656547329,nugas,SAYANG AJA GAY WKWKKWKW,sara
324,kirzo,05/05/22 14:35:22,#969864892671920371,nugas,yang laki nikah ama bule itu gol @Rivero,sara
325,Rivero,05/05/22 14:35:23,#468396370982862848,nugas,Jawa doang kota,sara
326,rxgvnd,05/05/22 14:35:39,#431689367728291841,nugas,hati hati loh,nsara
327,rxgvnd,05/05/22 14:35:45,#431689367728291841,nugas,nanti dikirimin santet sama orang dayak,sara
328,Rivero,05/05/22 14:35:47,#468396370982862848,nugas,Untung normal sh ya saya pak,nsara
329,ImChiKko,05/05/22 14:35:53,#306026653656547329,nugas,"coba liat dii jawa, yang kaya orang orang china",sara
330,Rivero,05/05/22 14:35:56,#468396370982862848,nugas,Tapi kalau si dayak mau nyari cowo sini sok,sara
331,Rivero,05/05/22 14:36:01,#468396370982862848,nugas,Banyak pilihan,nsara
332,rxgvnd,05/05/22 14:36:14,#431689367728291841,nugas,cewe dayak lebih cakep dibanding cewe chindo,sara
333,Rivero,05/05/22 14:36:45,#468396370982862848,nugas,"Ah ga juga , cindo terbaik",sara
334,kirzo,05/05/22 14:36:49,#969864892671920371,nugas,ih sumpah tapi cowo dayak ganteng bet asli,nsara
335,Rivero,05/05/22 14:36:49,#468396370982862848,nugas,cokin,sara
336,Rivero,05/05/22 14:36:59,#468396370982862848,nugas,Dayak serem,sara
337,kirzo,05/05/22 14:37:18,#969864892671920371,nugas,ampe tahan w 1.5 tahun pacaran sama dayak,sara
338,Rivero,05/05/22 14:37:33,#468396370982862848,nugas,Eh @rxgvnd lu beneran ga mau baptis ? baptis katolik,sara
339,kirzo,05/05/22 14:37:42,#969864892671920371,nugas,jadi pen ke kalimantan,sara
340,ImChiKko,05/05/22 14:38:34,#306026653656547329,nugas,EH AYAT KURSI WEH IH SALAH,sara
341,Rivero,05/05/22 14:39:39,#468396370982862848,nugas,ayat kursi,sara
342,ImChiKko,05/05/22 14:40:52,#306026653656547329,nugas,Jadii nugas gasii weh asli pribumii padaa ngomong muluu masa harus china yang mulai ?,sara
343,ImChiKko,05/05/22 14:41:08,#306026653656547329,nugas,Woi tugas kemaren soal apa ? @Rivero,nsara
344,Rivero,05/05/22 14:41:45,#468396370982862848,nugas,Kalau ga salah itu sh,nsara
345,ImChiKko,05/05/22 14:42:11,#306026653656547329,nugas,WKKWKWKW,nsara
346,ImChiKko,05/05/22 14:44:07,#306026653656547329,nugas,Mending china nyari angpao,sara
347,kirzo,05/05/22 14:45:11,#969864892671920371,nugas,sttt gapapa w dukung muslim,sara
348,ImChiKko,05/05/22 14:45:13,#306026653656547329,nugas,Kitab suci kok nyalin ? @rxgvnd,sara
349,kirzo,05/05/22 14:45:17,#969864892671920371,nugas,soalnya orang arabnya ganteng2,sara
350,Rivero,05/05/22 14:46:13,#468396370982862848,nugas,Itu al-madinah ama muhammadiyah,sara
351,ImChiKko,05/05/22 14:46:40,#306026653656547329,nugas,al-madinah? muhammadiyah?,sara
352,ImChiKko,05/05/22 14:47:16,#306026653656547329,nugas,Jadi mayoritas biar disegani di masyarakat,sara
353,Rivero,05/05/22 14:47:33,#468396370982862848,nugas,Msh sayang nyawa,nsara
354,Rivero,05/05/22 14:47:43,#468396370982862848,nugas,"Lu aja pindah, banyak kok cina islam",sara
355,Rivero,05/05/22 14:47:48,#468396370982862848,nugas,@ImChiKko,nsara
356,rxgvnd,05/05/22 14:48:09,#431689367728291841,nugas,"ibadah tu tiap hari, ibadah kok seminggu sekali",nsara
357,kirzo,05/05/22 14:49:25,#969864892671920371,nugas,lu juga kan @Rivero inget Tuhan kalo natal ama paskah doang wkwkk,sara
358,Rivero,05/05/22 14:49:58,#468396370982862848,nugas,Eh mending kristen ae re,sara
359,Rivero,05/05/22 14:50:09,#468396370982862848,nugas,Ngaku dosa ke Tuhan bkan ke pastor,sara
360,rxgvnd,05/05/22 14:50:22,#431689367728291841,nugas,pastor bisa hapus dosa?,sara
361,ImChiKko,05/05/22 14:50:27,#306026653656547329,nugas,Iyaa mending Kristen daripada muslim. babi enak @kirzo,sara
362,rxgvnd,05/05/22 14:51:27,#431689367728291841,nugas,kalo blom mandi sekalian baptis,sara
363,Rivero,05/05/22 14:53:18,#468396370982862848,nugas,"Akhir kata , moon maap lahir ya",nsara
364,rxgvnd,05/05/22 14:27:48,#431689367728291841,nugas,@kirzo mau jalan ga?,nsara
365,ImChiKko,05/05/22 14:28:42,#306026653656547329,nugas,mayoritas di indonesia @rxgvnd,sara
366,Rivero,05/05/22 14:28:47,#468396370982862848,nugas,eh ada si dayak,sara
367,kirzo,05/05/22 14:29:29,#969864892671920371,nugas,@Rivero mulai kan,nsara
368,ImChiKko,05/05/22 14:29:43,#306026653656547329,nugas,baru aja mau iseng ya ri,nsara
369,ImChiKko,05/05/22 14:29:59,#306026653656547329,nugas,makan nasi campur aja sini,nsara
370,ImChiKko,05/05/22 14:30:07,#306026653656547329,nugas,di mabes,nsara
371,kirzo,05/05/22 14:30:12,#969864892671920371,nugas,tar w baptis si @rxgvnd,sara
372,ImChiKko,05/05/22 14:30:40,#306026653656547329,nugas,cepat baptis biar makan bareng @rxgvnd,sara
373,Rivero,05/05/22 14:31:23,#306026653656547329,nugas,kasian anjir si @rxgvnd,nsara
374,ImChiKko,05/05/22 14:31:26,#306026653656547329,nugas,kasian haram babi,nsara
375,ImChiKko,05/05/22 14:32:29,#306026653656547329,nugas,udah cepat baptis si @rxgvnd,sara
376,kirzo,05/05/22 14:32:38,#969864892671920371,nugas,eh si @Rivero diajak? lagi di filipin dia,sara
377,kirzo,05/05/22 14:32:48,#969864892671920371,nugas,kuliah kan dia di filipin,sara
378,Rivero,05/05/22 14:32:58,#468396370982862848,nugas,iya gua lagi di filipin,sara
379,Rivero,05/05/22 14:33:25,#468396370982862848,nugas,Kaum jawa yang di filipin :),sara
380,ImChiKko,05/05/22 14:33:26,#306026653656547329,nugas,kelamaan di filipin nanti lupa indonesia,sara
381,ImChiKko,05/05/22 14:34:41,#306026653656547329,nugas,titip salam buat cewe filipin yang disana ya,sara
382,Rivero,05/05/22 14:34:53,#468396370982862848,nugas,disini cewek filipin cakep,sara
383,ImChiKko,05/05/22 14:35:09,#306026653656547329,nugas,itu dia makanya titip salam buat cewek filipin,sara
384,ImChiKko,05/05/22 14:35:16,#306026653656547329,nugas,siapa tau gua nanti bisa dapet pacar orang filipin kan,sara
385,Rivero,05/05/22 14:35:19,#468396370982862848,nugas,"cewek filipin aja ngomongnya bahasa inggris, emang lu jago inggris?",sara
386,ImChiKko,05/05/22 14:35:21,#306026653656547329,nugas,gampang tinggal belajar,nsara
387,kirzo,05/05/22 14:35:22,#969864892671920371,nugas,lu belom tau ya si @ImChiKko nonton film aja pake terjemahan,nsara
388,Rivero,05/05/22 14:35:23,#468396370982862848,nugas,bahasa inggris kan bahasa umum ya masa gak bisa,sara
389,rxgvnd,05/05/22 14:35:39,#431689367728291841,nugas,mungkin dia gak biasa dari kecil,nsara
390,rxgvnd,05/05/22 14:35:45,#431689367728291841,nugas,aku juga gak biasa dari kecil,nsara
391,Rivero,05/05/22 14:35:47,#468396370982862848,nugas,cepat ke filipin biar lancar inggris,sara
392,Rivero,05/05/22 14:35:53,#306026653656547329,nugas,disini gaakan mungkin bisa komunikasi kalo ga belajar bahasanya,nsara
393,Rivero,05/05/22 14:35:56,#468396370982862848,nugas,ya kan disini gak ada yang bisa bahasa indonesia ya,sara
394,Rivero,05/05/22 14:36:01,#468396370982862848,nugas,jadi terpaksa ngomong inggris,sara
395,rxgvnd,05/05/22 14:36:14,#431689367728291841,nugas,untung saya gak kuliah keluar negri,nsara
396,Rivero,05/05/22 14:36:45,#468396370982862848,nugas,tapi inggris itu penting,sara
397,kirzo,05/05/22 14:36:49,#969864892671920371,nugas,iya setidaknya belajar aja inggris sedikit,sara
398,Rivero,05/05/22 14:36:49,#468396370982862848,nugas,iya paling belajar dari youtube juga bisa,nsara
399,Rivero,05/05/22 14:36:59,#468396370982862848,nugas,biar telinganya terbiasa dengar bahasa inggris,sara
400,kirzo,05/05/22 14:37:18,#969864892671920371,nugas,iya gua juga belajar inggris dari film,sara
401,Ricardoo,26/04/22 14:12:16,#520847162108542977,no-clay-clay,Gak usah aja main pribumi nub,sara
402,ikanrere,26/04/22 14:12:19,#966250656212074527,no-clay-clay,gapunya sopan santun dasar pribumi,sara
403,Yametkudasi,26/04/22 14:12:33,#344160166259720192,no-clay-clay,Yee diem üòè,sara
404,Ricardoo,26/04/22 14:12:50,#520847162108542977,no-clay-clay,Cina number one,sara
405,Yametkudasi,26/04/22 14:13:02,#344160166259720192,no-clay-clay,Dasar komunis,sara
406,Yametkudasi,26/04/22 14:13:06,#344160166259720192,no-clay-clay,Pergi lu komunis dari indo,sara
407,Nelluwu,26/04/22 14:14:02,#833644224804028416,no-clay-clay,Bacot islam @Yametkudasi,sara
408,Nelluwu,26/04/22 14:14:11,#833644224804028416,no-clay-clay,Bacot kristen @Ricardoo,sara
409,Nelluwu,26/04/22 14:14:25,#833644224804028416,no-clay-clay,@Yametkudasi kerjaanya sholat mulu,sara
410,Ricardoo,26/04/22 14:14:29,#520847162108542977,no-clay-clay,diem ya bawel,nsara
411,Ricardoo,26/04/22 14:14:34,#520847162108542977,no-clay-clay,Tanggung jamet,nsara
412,Yametkudasi,26/04/22 14:14:37,#344160166259720192,no-clay-clay,Bacot katolik @ikanrere,sara
413,Nelluwu,26/04/22 14:14:46,#833644224804028416,no-clay-clay,@Ricardoo gereja aja,nsara
414,Nelluwu,26/04/22 14:15:03,#833644224804028416,no-clay-clay,Dibanding valo doang,nsara
415,ikanrere,26/04/22 14:15:17,#966250656212074527,no-clay-clay,ssttt diem tar lu gua baptis @Yametkudasi,sara
416,Nelluwu,26/04/22 14:16:15,#833644224804028416,no-clay-clay,Cabut yuk,nsara
417,Nelluwu,26/04/22 14:16:19,#833644224804028416,no-clay-clay,Nongki,nsara
418,ikanrere,26/04/22 14:16:50,#966250656212074527,no-clay-clay,kapan,nsara
419,Nelluwu,26/04/22 14:17:00,#833644224804028416,no-clay-clay,Besok ayok,nsara
420,Nelluwu,26/04/22 14:17:45,#833644224804028416,no-clay-clay,Gua gass,nsara
421,Nelluwu,26/04/22 14:18:02,#833644224804028416,no-clay-clay,Kan yg biasa omdo si cina @Ricardoo sama si pribumi @Yametkudasi,sara
422,Yametkudasi,26/04/22 14:18:20,#344160166259720192,no-clay-clay,Yeee sibuk gw cina,sara
423,ikanrere,26/04/22 14:18:23,#966250656212074527,no-clay-clay,dikata2in mulu ama nelll,nsara
424,ikanrere,26/04/22 14:18:32,#966250656212074527,no-clay-clay,dah kesel dia pd omdo,nsara
425,Nelluwu,26/04/22 14:18:55,#833644224804028416,no-clay-clay,Sibuk apaan u? Ngaji doang paling ye kan ? @Yametkudasi,sara
426,ikanrere,26/04/22 14:19:38,#966250656212074527,no-clay-clay,ngaji seminggu 3 kaliü§£,sara
427,ikanrere,26/04/22 14:20:14,#966250656212074527,no-clay-clay,inget gua sm jadwal ngaji dia WKWKWK,sara
428,Nelluwu,26/04/22 14:20:47,#833644224804028416,no-clay-clay,Demi apaa?,nsara
429,Nelluwu,26/04/22 14:20:55,#833644224804028416,no-clay-clay,Udah u jadi ustad aja ego @Yametkudasi,sara
430,Nelluwu,26/04/22 14:20:57,#833644224804028416,no-clay-clay,Wkwkwk,nsara
431,Nelluwu,26/04/22 14:21:19,#833644224804028416,no-clay-clay,Woi jing diem aja @Ricardoo,nsara
432,Nelluwu,26/04/22 14:21:25,#833644224804028416,no-clay-clay,Balas laaa,nsara
433,Yametkudasi,26/04/22 14:21:28,#344160166259720192,no-clay-clay,Yeee si anjing bacot aja,nsara
434,Yametkudasi,26/04/22 14:21:35,#344160166259720192,no-clay-clay,Bagus gw beriman,nsara
435,Ricardoo,26/04/22 14:21:39,#520847162108542977,no-clay-clay,Bacot lagi bokerrr,nsara
436,Ricardoo,26/04/22 14:21:45,#520847162108542977,no-clay-clay,Mau tai gw?,nsara
437,Nelluwu,26/04/22 14:22:00,#833644224804028416,no-clay-clay,Wwkwkk gak,nsara
438,Nelluwu,26/04/22 14:22:11,#833644224804028416,no-clay-clay,U udah kek tai soalnya @Ricardoo,nsara
439,Ricardoo,26/04/22 14:22:14,#520847162108542977,no-clay-clay,Bayar tai gw mahal,nsara
440,ikanrere,26/04/22 14:22:29,#966250656212074527,no-clay-clay,baunya sampe sini bangke @Ricardoo ü§£,nsara
441,Nelluwu,26/04/22 14:24:32,#833644224804028416,no-clay-clay,Brp biasanya orang cina jual tai? Wkwkkw,sara
442,Yametkudasi,26/04/22 14:25:31,#344160166259720192,no-clay-clay,Cina matre üòèüòè @Ricardoo,sara
443,ikanrere,26/04/22 14:27:17,#966250656212074527,no-clay-clay,"cina mah otak bisnis, ampe tai aja diduitinü§£",sara
444,Nelluwu,26/04/22 14:27:50,#833644224804028416,no-clay-clay,Biasa jualan obat kan orng cina mah,sara
445,Nelluwu,26/04/22 14:28:06,#833644224804028416,no-clay-clay,Ya gak ? @Ricardoo,nsara
446,ikanrere,26/04/22 14:28:49,#966250656212074527,no-clay-clay,jadi keinget si cina yg jualan ropang yg katanya king of monyet WKWKKW,sara
447,Nelluwu,26/04/22 14:30:46,#833644224804028416,no-clay-clay,Wkwkwk cina yg mana tuh yg jualan ropang sama jus ?,sara
448,Nelluwu,26/04/22 14:33:14,#833644224804028416,no-clay-clay,VALO AJA TERUS,nsara
449,Nelluwu,26/04/22 14:33:32,#833644224804028416,no-clay-clay,GAK JELAS ANJ VALO,nsara
450,Ricardoo,26/04/22 14:38:35,#520847162108542977,no-clay-clay,wkwkkw tainya jangan lupa dijual ya cina wkkw,sara
451,ikanrere,17/05/22 15:49:46,#966250656212074527,no-clay-clay,"@Yametkudasi by mantan kamu DM aku dong di ig tb""",nsara
452,Yametkudasi,17/05/22 15:51:29,#344160166259720192,no-clay-clay,Yang cina?,sara
453,ikanrere,17/05/22 15:51:36,#966250656212074527,no-clay-clay,si cina yang giginya tonggos,sara
454,Yametkudasi,17/05/22 15:51:51,#344160166259720192,no-clay-clay,Eh dua2nya cina anjing,sara
455,ikanrere,17/05/22 15:53:13,#966250656212074527,no-clay-clay,wkwkw makanya nyari cewe jangan yang cina semua,sara
456,Yametkudasi,17/05/22 15:53:51,#344160166259720192,no-clay-clay,Ya kan skrng bule,sara
457,ikanrere,17/05/22 15:56:00,#966250656212074527,no-clay-clay,keknya benci bgt ya dia sm kamuü§£ sampe dikata hitam n pribumi,sara
458,Yametkudasi,17/05/22 15:59:27,#344160166259720192,no-clay-clay,Yee daripada dia udh sipit,nsara
459,Yametkudasi,17/05/22 15:59:54,#344160166259720192,no-clay-clay,Dasar cina mata garis aja,sara
460,Yametkudasi,17/05/22 16:01:13,#344160166259720192,no-clay-clay,Non muslim lagi ckckckc,sara
461,ikanrere,17/05/22 16:01:38,#966250656212074527,no-clay-clay,heh aku juga non muslim yee,sara
462,ikanrere,17/05/22 16:02:09,#966250656212074527,no-clay-clay,disini yg muslim cuma kamu ya btw huuu,sara
463,Yametkudasi,17/05/22 16:02:16,#344160166259720192,no-clay-clay,Makanya cepet masuk muslim aja,sara
464,Yametkudasi,17/05/22 16:02:22,#344160166259720192,no-clay-clay,Ngapain jadi non muslim mulu,sara
465,ikanrere,17/05/22 16:03:02,#966250656212074527,no-clay-clay,dih mending kamu aku baptis aja pake air liur,sara
466,Yametkudasi,17/05/22 16:03:06,#344160166259720192,no-clay-clay,Bangga gitu jadi non muslim?,sara
467,ikanrere,17/05/22 16:03:30,#966250656212074527,no-clay-clay,"bangga laa daripada muslim kudu pake hijab kemana"" pala gatel",sara
468,Yametkudasi,17/05/22 16:04:24,#344160166259720192,no-clay-clay,"emang nya biarawati ga pake hah, dasar katolik kw",sara
469,ikanrere,17/05/22 16:04:44,#966250656212074527,no-clay-clay,wkkwk gapapa harus bangga la jadi katolik,sara
470,Yametkudasi,17/05/22 16:04:48,#344160166259720192,no-clay-clay,Dasar bule,sara
471,ikanrere,17/05/22 16:05:10,#966250656212074527,no-clay-clay,yee bule bule gini juga suka kan tapiüòù,sara
472,Yametkudasi,17/05/22 16:05:28,#344160166259720192,no-clay-clay,Ya untung aja bule kw,sara
473,Yametkudasi,17/05/22 16:08:42,#344160166259720192,no-clay-clay,Btw kamu nonton podcast om deddy ga? Masalah gay,sara
474,Yametkudasi,17/05/22 16:11:22,#344160166259720192,no-clay-clay,Lgbt makin banyak gila,sara
475,Yametkudasi,17/05/22 16:11:29,#344160166259720192,no-clay-clay,Ada yg lesbie juga,sara
476,Yametkudasi,17/05/22 16:11:36,#344160166259720192,no-clay-clay,Dasar bule apaan sih semua gatau,sara
477,Yametkudasi,17/05/22 16:11:44,#344160166259720192,no-clay-clay,Bule tuh dimana2 advance tau ga,sara
478,Yametkudasi,17/05/22 16:11:48,#344160166259720192,no-clay-clay,Bule kw,sara
479,ikanrere,17/05/22 16:12:10,#966250656212074527,no-clay-clay,so far banyak yg kontra kn sm podcast nya gegara ga dukung lgbt,sara
480,Yametkudasi,17/05/22 16:12:35,#344160166259720192,no-clay-clay,Iya lgbt didukung kan aneh,sara
481,Yametkudasi,17/05/22 16:13:09,#344160166259720192,no-clay-clay,Kaya jelas2 di kitab agama dilarang,sara
482,Yametkudasi,17/05/22 16:14:27,#344160166259720192,no-clay-clay,Ga mau disama2in sama kaum lgbt najis bgt,sara
483,ikanrere,17/05/22 16:14:56,#966250656212074527,no-clay-clay,"tpi kek klo kamu di sepatunya ragil, sebagai gay kek omongan dia bener"" aja sih logikanya yg diomongin ke om ded logis aja",sara
484,Yametkudasi,17/05/22 16:15:02,#344160166259720192,no-clay-clay,Lagian coba sebut di agama mana yg ngasih lgbt? Budhha? Kristen? Hindu? Islam?,sara
485,Yametkudasi,17/05/22 16:15:28,#344160166259720192,no-clay-clay,Ya gay itu kan penyakit masa iya kita membenarkan seseorang yang sakit,sara
486,Yametkudasi,17/05/22 16:15:37,#344160166259720192,no-clay-clay,Kita sembuhin,nsara
487,Yametkudasi,17/05/22 16:15:48,#344160166259720192,no-clay-clay,"Ga cuman gay, lesbie juga tuh",sara
488,ikanrere,17/05/22 16:15:52,#966250656212074527,no-clay-clay,"ya iya, cuman kan lgbt itu kan hormon",sara
489,ikanrere,17/05/22 16:16:11,#966250656212074527,no-clay-clay,ya yg lgbt gt hrsnya ada penanganan medis sih bukannya mental,sara
490,Yametkudasi,17/05/22 16:16:26,#344160166259720192,no-clay-clay,"Hormon apaan, semua dilakukan demi hasrat lgbt",sara
491,Yametkudasi,17/05/22 16:17:08,#344160166259720192,no-clay-clay,"Mental juga, karena dia gay tertarik sama laki2 sedangkan lesbie sama cewek",sara
492,ikanrere,17/05/22 16:17:20,#966250656212074527,no-clay-clay,harusnya yang lesbi sama gay itu suntik hormon,sara
493,Yametkudasi,17/05/22 16:17:49,#344160166259720192,no-clay-clay,Yah masalahnya si gay n lesbie ini kan sembunyiin itu,sara
494,ikanrere,17/05/22 16:17:52,#966250656212074527,no-clay-clay,"klo hormonnya dah bener, hasrat juga hilang",nsara
495,Yametkudasi,17/05/22 16:18:16,#344160166259720192,no-clay-clay,"Lagian aneh ngelakuin sesuatu yg salah didukung kan lucu, lgbt no bgt sih",sara
496,Yametkudasi,17/05/22 16:19:14,#344160166259720192,no-clay-clay,Yaudah terserah para kaum lgbt itu aja,sara
497,Yametkudasi,17/05/22 16:19:19,#344160166259720192,no-clay-clay,Yg jelas jangan di indo dah,sara
498,ikanrere,17/05/22 16:20:37,#966250656212074527,no-clay-clay,yasudah tidak perlu bahas kaum lesbi dan gay lagi,sara
499,Yametkudasi,17/05/22 16:21:23,#344160166259720192,no-clay-clay,iya ribet lgbt anjeng,sara
500,ikanrere,17/05/22 16:22:25,#966250656212074527,no-clay-clay,lgbt,sara